<?xml version="1.0" encoding="UTF-8"?>
<con:soapui-project id="1043321e-25fe-4436-a2f3-04eb8be9c962" activeEnvironment="Default" name="YandexSpellerTesting_RashidIsayev" soapui-version="5.6.0" abortOnError="false" runType="SEQUENTIAL" resourceRoot="${projectDir}" xmlns:con="http://eviware.com/soapui/config">
  <con:settings/>
  <con:interface xsi:type="con:WsdlInterface" id="e9d0558e-21b8-4025-a46f-c53afbe2e68b" wsaVersion="NONE" name="SpellServiceSoap" type="wsdl" bindingName="{http://speller.yandex.net/services/spellservice}SpellServiceSoap" soapVersion="1_1" anonymous="optional" definition="https://speller.yandex.net/services/spellservice?WSDL" xmlns:xsi="http://www.w3.org/2001/XMLSchema-instance">
    <con:settings/>
    <con:definitionCache type="TEXT" rootPart="https://speller.yandex.net/services/spellservice?WSDL">
      <con:part>
        <con:url>https://speller.yandex.net/services/spellservice?WSDL</con:url>
        <con:content><![CDATA[<wsdl:definitions targetNamespace="http://speller.yandex.net/services/spellservice" xmlns:soap="http://schemas.xmlsoap.org/wsdl/soap/" xmlns:tns="http://speller.yandex.net/services/spellservice" xmlns:s="http://www.w3.org/2001/XMLSchema" xmlns:soap12="http://schemas.xmlsoap.org/wsdl/soap12/" xmlns:http="http://schemas.xmlsoap.org/wsdl/http/" xmlns:wsdl="http://schemas.xmlsoap.org/wsdl/">
  <wsdl:types>
    <s:schema elementFormDefault="qualified" targetNamespace="http://speller.yandex.net/services/spellservice">
      <s:element name="CheckTextRequest">
        <s:complexType>
          <s:sequence>
            <s:element minOccurs="1" maxOccurs="1" name="text" type="s:string"/>
          </s:sequence>
          <s:attribute name="lang" type="s:string"/>
          <s:attribute name="options" type="s:int" use="optional" default="0"/>
          <s:attribute name="format" type="s:string" use="optional" default=""/>
        </s:complexType>
      </s:element>
      <s:element name="CheckTextResponse">
        <s:complexType>
          <s:sequence>
            <s:element minOccurs="1" maxOccurs="1" name="SpellResult" type="tns:SpellResult"/>
          </s:sequence>
        </s:complexType>
      </s:element>
      <s:complexType name="SpellResult">
        <s:sequence>
          <s:element minOccurs="0" maxOccurs="unbounded" name="error" type="tns:SpellError"/>
        </s:sequence>
      </s:complexType>
      <s:complexType name="SpellError">
        <s:sequence>
          <s:element minOccurs="1" maxOccurs="1" name="word" type="s:string"/>
          <s:element minOccurs="0" maxOccurs="unbounded" name="s" type="s:string"/>
        </s:sequence>
        <s:attribute name="code" type="s:int" use="required"/>
        <s:attribute name="pos" type="s:int" use="required"/>
        <s:attribute name="row" type="s:int" use="required"/>
        <s:attribute name="col" type="s:int" use="required"/>
        <s:attribute name="len" type="s:int" use="required"/>
      </s:complexType>
      <s:element name="CheckTextsRequest">
        <s:complexType>
          <s:sequence>
            <s:element minOccurs="0" maxOccurs="unbounded" name="text" type="s:string"/>
          </s:sequence>
          <s:attribute name="lang" type="s:string"/>
          <s:attribute name="options" type="s:int" use="optional" default="0"/>
          <s:attribute name="format" type="s:string" use="optional" default=""/>
        </s:complexType>
      </s:element>
      <s:element name="CheckTextsResponse">
        <s:complexType>
          <s:sequence>
            <s:element minOccurs="1" maxOccurs="1" name="ArrayOfSpellResult" type="tns:ArrayOfSpellResult"/>
          </s:sequence>
        </s:complexType>
      </s:element>
      <s:complexType name="ArrayOfSpellResult">
        <s:sequence>
          <s:element minOccurs="0" maxOccurs="unbounded" name="SpellResult" type="tns:SpellResult"/>
        </s:sequence>
      </s:complexType>
    </s:schema>
  </wsdl:types>
  <wsdl:message name="checkTextSoapIn">
    <wsdl:part name="parameters" element="tns:CheckTextRequest"/>
  </wsdl:message>
  <wsdl:message name="checkTextSoapOut">
    <wsdl:part name="parameters" element="tns:CheckTextResponse"/>
  </wsdl:message>
  <wsdl:message name="checkTextsSoapIn">
    <wsdl:part name="parameters" element="tns:CheckTextsRequest"/>
  </wsdl:message>
  <wsdl:message name="checkTextsSoapOut">
    <wsdl:part name="parameters" element="tns:CheckTextsResponse"/>
  </wsdl:message>
  <wsdl:portType name="SpellServiceSoap">
    <wsdl:operation name="checkText">
      <wsdl:input message="tns:checkTextSoapIn"/>
      <wsdl:output message="tns:checkTextSoapOut"/>
    </wsdl:operation>
    <wsdl:operation name="checkTexts">
      <wsdl:input message="tns:checkTextsSoapIn"/>
      <wsdl:output message="tns:checkTextsSoapOut"/>
    </wsdl:operation>
  </wsdl:portType>
  <wsdl:binding name="SpellServiceSoap" type="tns:SpellServiceSoap">
    <soap:binding transport="http://schemas.xmlsoap.org/soap/http"/>
    <wsdl:operation name="checkText">
      <soap:operation soapAction="http://speller.yandex.net/services/spellservice/checkText" style="document"/>
      <wsdl:input>
        <soap:body use="literal"/>
      </wsdl:input>
      <wsdl:output>
        <soap:body use="literal"/>
      </wsdl:output>
    </wsdl:operation>
    <wsdl:operation name="checkTexts">
      <soap:operation soapAction="http://speller.yandex.net/services/spellservice/checkTexts" style="document"/>
      <wsdl:input>
        <soap:body use="literal"/>
      </wsdl:input>
      <wsdl:output>
        <soap:body use="literal"/>
      </wsdl:output>
    </wsdl:operation>
  </wsdl:binding>
  <wsdl:binding name="SpellServiceSoap12" type="tns:SpellServiceSoap">
    <soap12:binding transport="http://schemas.xmlsoap.org/soap/http"/>
    <wsdl:operation name="checkText">
      <soap12:operation soapAction="http://speller.yandex.net/services/spellservice/checkText" style="document"/>
      <wsdl:input>
        <soap12:body use="literal"/>
      </wsdl:input>
      <wsdl:output>
        <soap12:body use="literal"/>
      </wsdl:output>
    </wsdl:operation>
    <wsdl:operation name="checkTexts">
      <soap12:operation soapAction="http://speller.yandex.net/services/spellservice/checkTexts" style="document"/>
      <wsdl:input>
        <soap12:body use="literal"/>
      </wsdl:input>
      <wsdl:output>
        <soap12:body use="literal"/>
      </wsdl:output>
    </wsdl:operation>
  </wsdl:binding>
  <wsdl:service name="SpellService">
    <wsdl:port name="SpellServiceSoap" binding="tns:SpellServiceSoap">
      <soap:address location="http://speller.yandex.net/services/spellservice"/>
    </wsdl:port>
    <wsdl:port name="SpellServiceSoap12" binding="tns:SpellServiceSoap12">
      <soap12:address location="http://speller.yandex.net/services/spellservice"/>
    </wsdl:port>
  </wsdl:service>
</wsdl:definitions>]]></con:content>
        <con:type>http://schemas.xmlsoap.org/wsdl/</con:type>
      </con:part>
    </con:definitionCache>
    <con:endpoints>
      <con:endpoint>http://speller.yandex.net/services/spellservice</con:endpoint>
    </con:endpoints>
    <con:operation id="99b592f1-6484-4780-9a24-5b30dcb12a7c" isOneWay="false" action="http://speller.yandex.net/services/spellservice/checkText" name="checkText" bindingOperationName="checkText" type="Request-Response" inputName="" receivesAttachments="false" sendsAttachments="false" anonymous="optional">
      <con:settings/>
      <con:call id="3c4e006c-ea6f-43f4-a83f-53012a4cd194" name="Request 1">
        <con:settings>
          <con:setting id="com.eviware.soapui.impl.wsdl.WsdlRequest@request-headers">&lt;xml-fragment/></con:setting>
        </con:settings>
        <con:encoding>UTF-8</con:encoding>
        <con:endpoint>http://speller.yandex.net/services/spellservice</con:endpoint>
        <con:request><![CDATA[<soapenv:Envelope xmlns:soapenv="http://schemas.xmlsoap.org/soap/envelope/" xmlns:spel="http://speller.yandex.net/services/spellservice">\r
   <soapenv:Header/>\r
   <soapenv:Body>\r
      <spel:CheckTextRequest lang="?" options="0" format="">\r
         <spel:text></spel:text>\r
      </spel:CheckTextRequest>\r
   </soapenv:Body>\r
</soapenv:Envelope>]]></con:request>
        <con:credentials>
          <con:authType>No Authorization</con:authType>
        </con:credentials>
        <con:jmsConfig JMSDeliveryMode="PERSISTENT"/>
        <con:jmsPropertyConfig/>
        <con:wsaConfig mustUnderstand="NONE" version="200508" action="http://speller.yandex.net/services/spellservice/checkText"/>
        <con:wsrmConfig version="1.2"/>
      </con:call>
    </con:operation>
    <con:operation id="d800a807-1fa1-4e94-acd4-4423f601fc88" isOneWay="false" action="http://speller.yandex.net/services/spellservice/checkTexts" name="checkTexts" bindingOperationName="checkTexts" type="Request-Response" inputName="" receivesAttachments="false" sendsAttachments="false" anonymous="optional">
      <con:settings/>
      <con:call id="9a202cd9-c395-42fe-8838-f51ef4bae666" name="Request 1">
        <con:settings/>
        <con:encoding>UTF-8</con:encoding>
        <con:endpoint>http://speller.yandex.net/services/spellservice</con:endpoint>
        <con:request><![CDATA[<soapenv:Envelope xmlns:soapenv="http://schemas.xmlsoap.org/soap/envelope/" xmlns:spel="http://speller.yandex.net/services/spellservice">\r
   <soapenv:Header/>\r
   <soapenv:Body>\r
      <spel:CheckTextsRequest lang="?" options="0" format="">\r
         <!--Zero or more repetitions:-->\r
         <spel:text>?</spel:text>\r
      </spel:CheckTextsRequest>\r
   </soapenv:Body>\r
</soapenv:Envelope>]]></con:request>
        <con:jmsConfig JMSDeliveryMode="PERSISTENT"/>
        <con:wsaConfig mustUnderstand="NONE" version="200508" action="http://speller.yandex.net/services/spellservice/checkTexts"/>
      </con:call>
    </con:operation>
  </con:interface>
  <con:interface xsi:type="con:WsdlInterface" id="39ba281a-6cd4-49c6-bd1f-492a9bf919bc" wsaVersion="NONE" name="SpellServiceSoap12" type="wsdl" bindingName="{http://speller.yandex.net/services/spellservice}SpellServiceSoap12" soapVersion="1_2" anonymous="optional" definition="https://speller.yandex.net/services/spellservice?WSDL" xmlns:xsi="http://www.w3.org/2001/XMLSchema-instance">
    <con:settings/>
    <con:definitionCache type="TEXT" rootPart="https://speller.yandex.net/services/spellservice?WSDL">
      <con:part>
        <con:url>https://speller.yandex.net/services/spellservice?WSDL</con:url>
        <con:content><![CDATA[<wsdl:definitions targetNamespace="http://speller.yandex.net/services/spellservice" xmlns:soap="http://schemas.xmlsoap.org/wsdl/soap/" xmlns:tns="http://speller.yandex.net/services/spellservice" xmlns:s="http://www.w3.org/2001/XMLSchema" xmlns:soap12="http://schemas.xmlsoap.org/wsdl/soap12/" xmlns:http="http://schemas.xmlsoap.org/wsdl/http/" xmlns:wsdl="http://schemas.xmlsoap.org/wsdl/">
  <wsdl:types>
    <s:schema elementFormDefault="qualified" targetNamespace="http://speller.yandex.net/services/spellservice">
      <s:element name="CheckTextRequest">
        <s:complexType>
          <s:sequence>
            <s:element minOccurs="1" maxOccurs="1" name="text" type="s:string"/>
          </s:sequence>
          <s:attribute name="lang" type="s:string"/>
          <s:attribute name="options" type="s:int" use="optional" default="0"/>
          <s:attribute name="format" type="s:string" use="optional" default=""/>
        </s:complexType>
      </s:element>
      <s:element name="CheckTextResponse">
        <s:complexType>
          <s:sequence>
            <s:element minOccurs="1" maxOccurs="1" name="SpellResult" type="tns:SpellResult"/>
          </s:sequence>
        </s:complexType>
      </s:element>
      <s:complexType name="SpellResult">
        <s:sequence>
          <s:element minOccurs="0" maxOccurs="unbounded" name="error" type="tns:SpellError"/>
        </s:sequence>
      </s:complexType>
      <s:complexType name="SpellError">
        <s:sequence>
          <s:element minOccurs="1" maxOccurs="1" name="word" type="s:string"/>
          <s:element minOccurs="0" maxOccurs="unbounded" name="s" type="s:string"/>
        </s:sequence>
        <s:attribute name="code" type="s:int" use="required"/>
        <s:attribute name="pos" type="s:int" use="required"/>
        <s:attribute name="row" type="s:int" use="required"/>
        <s:attribute name="col" type="s:int" use="required"/>
        <s:attribute name="len" type="s:int" use="required"/>
      </s:complexType>
      <s:element name="CheckTextsRequest">
        <s:complexType>
          <s:sequence>
            <s:element minOccurs="0" maxOccurs="unbounded" name="text" type="s:string"/>
          </s:sequence>
          <s:attribute name="lang" type="s:string"/>
          <s:attribute name="options" type="s:int" use="optional" default="0"/>
          <s:attribute name="format" type="s:string" use="optional" default=""/>
        </s:complexType>
      </s:element>
      <s:element name="CheckTextsResponse">
        <s:complexType>
          <s:sequence>
            <s:element minOccurs="1" maxOccurs="1" name="ArrayOfSpellResult" type="tns:ArrayOfSpellResult"/>
          </s:sequence>
        </s:complexType>
      </s:element>
      <s:complexType name="ArrayOfSpellResult">
        <s:sequence>
          <s:element minOccurs="0" maxOccurs="unbounded" name="SpellResult" type="tns:SpellResult"/>
        </s:sequence>
      </s:complexType>
    </s:schema>
  </wsdl:types>
  <wsdl:message name="checkTextSoapIn">
    <wsdl:part name="parameters" element="tns:CheckTextRequest"/>
  </wsdl:message>
  <wsdl:message name="checkTextSoapOut">
    <wsdl:part name="parameters" element="tns:CheckTextResponse"/>
  </wsdl:message>
  <wsdl:message name="checkTextsSoapIn">
    <wsdl:part name="parameters" element="tns:CheckTextsRequest"/>
  </wsdl:message>
  <wsdl:message name="checkTextsSoapOut">
    <wsdl:part name="parameters" element="tns:CheckTextsResponse"/>
  </wsdl:message>
  <wsdl:portType name="SpellServiceSoap">
    <wsdl:operation name="checkText">
      <wsdl:input message="tns:checkTextSoapIn"/>
      <wsdl:output message="tns:checkTextSoapOut"/>
    </wsdl:operation>
    <wsdl:operation name="checkTexts">
      <wsdl:input message="tns:checkTextsSoapIn"/>
      <wsdl:output message="tns:checkTextsSoapOut"/>
    </wsdl:operation>
  </wsdl:portType>
  <wsdl:binding name="SpellServiceSoap" type="tns:SpellServiceSoap">
    <soap:binding transport="http://schemas.xmlsoap.org/soap/http"/>
    <wsdl:operation name="checkText">
      <soap:operation soapAction="http://speller.yandex.net/services/spellservice/checkText" style="document"/>
      <wsdl:input>
        <soap:body use="literal"/>
      </wsdl:input>
      <wsdl:output>
        <soap:body use="literal"/>
      </wsdl:output>
    </wsdl:operation>
    <wsdl:operation name="checkTexts">
      <soap:operation soapAction="http://speller.yandex.net/services/spellservice/checkTexts" style="document"/>
      <wsdl:input>
        <soap:body use="literal"/>
      </wsdl:input>
      <wsdl:output>
        <soap:body use="literal"/>
      </wsdl:output>
    </wsdl:operation>
  </wsdl:binding>
  <wsdl:binding name="SpellServiceSoap12" type="tns:SpellServiceSoap">
    <soap12:binding transport="http://schemas.xmlsoap.org/soap/http"/>
    <wsdl:operation name="checkText">
      <soap12:operation soapAction="http://speller.yandex.net/services/spellservice/checkText" style="document"/>
      <wsdl:input>
        <soap12:body use="literal"/>
      </wsdl:input>
      <wsdl:output>
        <soap12:body use="literal"/>
      </wsdl:output>
    </wsdl:operation>
    <wsdl:operation name="checkTexts">
      <soap12:operation soapAction="http://speller.yandex.net/services/spellservice/checkTexts" style="document"/>
      <wsdl:input>
        <soap12:body use="literal"/>
      </wsdl:input>
      <wsdl:output>
        <soap12:body use="literal"/>
      </wsdl:output>
    </wsdl:operation>
  </wsdl:binding>
  <wsdl:service name="SpellService">
    <wsdl:port name="SpellServiceSoap" binding="tns:SpellServiceSoap">
      <soap:address location="http://speller.yandex.net/services/spellservice"/>
    </wsdl:port>
    <wsdl:port name="SpellServiceSoap12" binding="tns:SpellServiceSoap12">
      <soap12:address location="http://speller.yandex.net/services/spellservice"/>
    </wsdl:port>
  </wsdl:service>
</wsdl:definitions>]]></con:content>
        <con:type>http://schemas.xmlsoap.org/wsdl/</con:type>
      </con:part>
    </con:definitionCache>
    <con:endpoints>
      <con:endpoint>http://speller.yandex.net/services/spellservice</con:endpoint>
    </con:endpoints>
    <con:operation id="6da33003-69ff-4edf-9b2a-b5981cd97dc0" isOneWay="false" action="http://speller.yandex.net/services/spellservice/checkText" name="checkText" bindingOperationName="checkText" type="Request-Response" inputName="" receivesAttachments="false" sendsAttachments="false" anonymous="optional">
      <con:settings/>
      <con:call id="32cc5e58-d9bb-4336-ba5f-0f1af55f042c" name="Request 1">
        <con:settings/>
        <con:encoding>UTF-8</con:encoding>
        <con:endpoint>http://speller.yandex.net/services/spellservice</con:endpoint>
        <con:request><![CDATA[<soap:Envelope xmlns:soap="http://www.w3.org/2003/05/soap-envelope" xmlns:spel="http://speller.yandex.net/services/spellservice">\r
   <soap:Header/>\r
   <soap:Body>\r
      <spel:CheckTextRequest lang="?" options="0" format="">\r
         <spel:text>?</spel:text>\r
      </spel:CheckTextRequest>\r
   </soap:Body>\r
</soap:Envelope>]]></con:request>
        <con:jmsConfig JMSDeliveryMode="PERSISTENT"/>
        <con:wsaConfig mustUnderstand="NONE" version="200508" action="http://speller.yandex.net/services/spellservice/SpellServiceSoap/checkTextRequest"/>
      </con:call>
    </con:operation>
    <con:operation id="c7cc012a-4ac4-4faf-b636-9110a0e06d4f" isOneWay="false" action="http://speller.yandex.net/services/spellservice/checkTexts" name="checkTexts" bindingOperationName="checkTexts" type="Request-Response" inputName="" receivesAttachments="false" sendsAttachments="false" anonymous="optional">
      <con:settings/>
      <con:call id="39c06d63-9b5d-4ccc-83e4-b68a379e2590" name="Request 1">
        <con:settings/>
        <con:encoding>UTF-8</con:encoding>
        <con:endpoint>http://speller.yandex.net/services/spellservice</con:endpoint>
        <con:request><![CDATA[<soap:Envelope xmlns:soap="http://www.w3.org/2003/05/soap-envelope" xmlns:spel="http://speller.yandex.net/services/spellservice">\r
   <soap:Header/>\r
   <soap:Body>\r
      <spel:CheckTextsRequest lang="?" options="0" format="">\r
         <!--Zero or more repetitions:-->\r
         <spel:text>?</spel:text>\r
      </spel:CheckTextsRequest>\r
   </soap:Body>\r
</soap:Envelope>]]></con:request>
        <con:jmsConfig JMSDeliveryMode="PERSISTENT"/>
        <con:wsaConfig mustUnderstand="NONE" version="200508" action="http://speller.yandex.net/services/spellservice/SpellServiceSoap/checkTextsRequest"/>
      </con:call>
    </con:operation>
  </con:interface>
  <con:testSuite id="1ba46612-c0ab-437d-9f29-d0f03751618d" name="TestSuite">
    <con:settings/>
    <con:runType>SEQUENTIAL</con:runType>
    <con:testCase id="e41ee5d2-938f-49b2-a93a-a7bc22c11938" failOnError="true" failTestCaseOnErrors="true" keepSession="false" maxResults="0" name="CheckIgnoreDigitsOption" searchProperties="true">
      <con:settings/>
      <con:testStep type="request" name="PostTextWithDigits" id="1eda6430-b4d6-4191-8402-f53375cbf09a">
        <con:settings/>
        <con:config xsi:type="con:RequestStep" xmlns:xsi="http://www.w3.org/2001/XMLSchema-instance">
          <con:interface>SpellServiceSoap</con:interface>
          <con:operation>checkText</con:operation>
          <con:request name="PostTextWithDigits" id="0fc94579-32c6-406f-a934-52e080a722dc">
            <con:settings>
              <con:setting id="com.eviware.soapui.impl.wsdl.WsdlRequest@request-headers">&lt;xml-fragment/></con:setting>
            </con:settings>
            <con:encoding>UTF-8</con:encoding>
            <con:endpoint>http://speller.yandex.net/services/spellservice</con:endpoint>
            <con:request><![CDATA[<soapenv:Envelope xmlns:soapenv="http://schemas.xmlsoap.org/soap/envelope/" xmlns:spel="http://speller.yandex.net/services/spellservice">\r
   <soapenv:Header/>\r
   <soapenv:Body>\r
      <spel:CheckTextRequest lang="${#Project#lang}" options="${#Project#options}" format="">\r
         <spel:text>${#TestCase#text}</spel:text>\r
      </spel:CheckTextRequest>\r
   </soapenv:Body>\r
</soapenv:Envelope>]]></con:request>
            <con:assertion type="SOAP Response" id="96de582c-b829-4a9b-a86f-278f45c2a68d"/>
            <con:assertion type="Schema Compliance" id="31201190-b54d-4ab5-aa22-b35968b33959">
              <con:configuration/>
            </con:assertion>
            <con:assertion type="SOAP Fault Assertion" id="34a96eb9-b38a-4e58-aaf3-45822e1a38b5"/>
            <con:assertion type="Simple NotContains" id="cc7f72a2-efba-4426-ba95-ceb950e78db9" name="Not Contains">
              <con:configuration>
                <token>${#TestSuite#error}</token>
                <ignoreCase>true</ignoreCase>
                <useRegEx>false</useRegEx>
              </con:configuration>
            </con:assertion>
            <con:credentials>
              <con:authType>No Authorization</con:authType>
            </con:credentials>
            <con:jmsConfig JMSDeliveryMode="PERSISTENT"/>
            <con:jmsPropertyConfig/>
            <con:wsaConfig mustUnderstand="NONE" version="200508"/>
            <con:wsrmConfig version="1.2"/>
          </con:request>
        </con:config>
      </con:testStep>
      <con:setupScript>String options="2"
String language="en"

// Assign values to the Properties 
testRunner.testCase.testSuite.project.setPropertyValue("lang",language)
testRunner.testCase.testSuite.project.setPropertyValue("options",options)
//testRunner.testCase.testSteps["PostTextWithDigits"].setPropertyValue( "Request", username )</con:setupScript>
      <con:tearDownScript>String options="0"
String language=""

// Assign values to the Properties 
testRunner.testCase.testSuite.project.setPropertyValue("lang",language)
testRunner.testCase.testSuite.project.setPropertyValue("options",options)</con:tearDownScript>
      <con:properties>
        <con:property>
          <con:name>text</con:name>
          <con:value>T3xt w1th n4mb3rs</con:value>
        </con:property>
      </con:properties>
    </con:testCase>
    <con:testCase id="6ec47c82-b9f3-4829-927d-c59f0f836a2d" failOnError="true" failTestCaseOnErrors="true" keepSession="false" maxResults="0" name="CheckLangOption" searchProperties="true">
      <con:settings/>
      <con:testStep type="transfer" name="Transfer Russian language and Ukranian text" id="f469d730-a08d-4b67-b7db-ebee21299888">
        <con:settings/>
        <con:config xsi:type="con:PropertyTransfersStep" xmlns:xsi="http://www.w3.org/2001/XMLSchema-instance">
          <con:transfers setNullOnMissingSource="true" transferTextContent="true" failOnError="true" ignoreEmpty="false" transferToAll="false" entitize="false" transferChildNodes="false">
            <con:name>text</con:name>
            <con:sourceType>text</con:sourceType>
            <con:sourceStep>#TestCase#</con:sourceStep>
            <con:targetType>Request</con:targetType>
            <con:targetStep>CheckRussian</con:targetStep>
            <con:targetPath>//*:text</con:targetPath>
            <con:upgraded>true</con:upgraded>
          </con:transfers>
          <con:transfers setNullOnMissingSource="true" transferTextContent="true" failOnError="true" ignoreEmpty="false" transferToAll="false" entitize="false" transferChildNodes="false">
            <con:name>language</con:name>
            <con:sourceType>language</con:sourceType>
            <con:sourceStep>#TestCase#</con:sourceStep>
            <con:targetType>Request</con:targetType>
            <con:targetStep>CheckRussian</con:targetStep>
            <con:targetPath>//@lang[1]</con:targetPath>
            <con:upgraded>true</con:upgraded>
          </con:transfers>
        </con:config>
      </con:testStep>
      <con:testStep type="request" name="CheckRussian" id="5ef79351-ef08-4845-8fe3-16cc708c8e07">
        <con:settings/>
        <con:config xsi:type="con:RequestStep" xmlns:xsi="http://www.w3.org/2001/XMLSchema-instance">
          <con:interface>SpellServiceSoap</con:interface>
          <con:operation>checkText</con:operation>
          <con:request name="CheckRussian" id="4bad2f50-49fb-4109-a092-7795e7db962c">
            <con:settings>
              <con:setting id="com.eviware.soapui.impl.wsdl.WsdlRequest@request-headers">&lt;xml-fragment/></con:setting>
            </con:settings>
            <con:encoding>UTF-8</con:encoding>
            <con:endpoint>http://speller.yandex.net/services/spellservice</con:endpoint>
            <con:request><![CDATA[<soapenv:Envelope xmlns:soapenv="http://schemas.xmlsoap.org/soap/envelope/" xmlns:spel="http://speller.yandex.net/services/spellservice">
   <soapenv:Header/>
   <soapenv:Body>
      <spel:CheckTextRequest lang="ru" options="0" format="">
         <spel:text>Українська мова</spel:text>
      </spel:CheckTextRequest>
   </soapenv:Body>
</soapenv:Envelope>]]></con:request>
            <con:assertion type="SOAP Response" id="f8deb57d-ba70-420a-8b6d-389145bcc613"/>
            <con:assertion type="Schema Compliance" id="7402c4a4-35b2-4ba0-8b4a-f6ee3ddcae2b">
              <con:configuration/>
            </con:assertion>
            <con:assertion type="SOAP Fault Assertion" id="5f0279c9-6d2a-413b-a9f0-284c9611e78b"/>
            <con:assertion type="Simple Contains" id="963b3b3b-055c-4661-9a03-ed282270c3d5" name="Contains">
              <con:configuration>
                <token>${#TestSuite#error}</token>
                <ignoreCase>false</ignoreCase>
                <useRegEx>false</useRegEx>
              </con:configuration>
            </con:assertion>
            <con:credentials>
              <con:authType>No Authorization</con:authType>
            </con:credentials>
            <con:jmsConfig JMSDeliveryMode="PERSISTENT"/>
            <con:jmsPropertyConfig/>
            <con:wsaConfig mustUnderstand="NONE" version="200508"/>
            <con:wsrmConfig version="1.2"/>
          </con:request>
        </con:config>
      </con:testStep>
      <con:testStep type="properties" name="Properties: set language to Ukranian and text to Russian" id="9e700078-71a7-4a67-b784-9ddca46bdc7f">
        <con:settings/>
        <con:config xsi:type="con:PropertiesStep" saveFirst="true" xmlns:xsi="http://www.w3.org/2001/XMLSchema-instance">
          <con:properties>
            <con:property>
              <con:name>text</con:name>
              <con:value>Русский язык</con:value>
            </con:property>
            <con:property>
              <con:name>language</con:name>
              <con:value>uk</con:value>
            </con:property>
          </con:properties>
        </con:config>
      </con:testStep>
      <con:testStep type="transfer" name="Transfer language and text to the next step" id="16993f8c-c463-4052-8146-f9ff2c9d00c9">
        <con:settings/>
        <con:config xsi:type="con:PropertyTransfersStep" xmlns:xsi="http://www.w3.org/2001/XMLSchema-instance">
          <con:transfers setNullOnMissingSource="true" transferTextContent="true" failOnError="true" ignoreEmpty="false" transferToAll="false" entitize="false" transferChildNodes="false">
            <con:name>text</con:name>
            <con:sourceType>text</con:sourceType>
            <con:sourceStep>Properties: set language to Ukranian and text to Russian</con:sourceStep>
            <con:targetType>Request</con:targetType>
            <con:targetStep>CheckUkranian</con:targetStep>
            <con:targetPath>//*:text</con:targetPath>
            <con:upgraded>true</con:upgraded>
          </con:transfers>
          <con:transfers setNullOnMissingSource="true" transferTextContent="true" failOnError="true" ignoreEmpty="false" transferToAll="false" entitize="false" transferChildNodes="false">
            <con:name>language</con:name>
            <con:sourceType>language</con:sourceType>
            <con:sourceStep>Properties: set language to Ukranian and text to Russian</con:sourceStep>
            <con:targetType>Request</con:targetType>
            <con:targetStep>CheckUkranian</con:targetStep>
            <con:targetPath>//@lang[1]</con:targetPath>
            <con:upgraded>true</con:upgraded>
          </con:transfers>
        </con:config>
      </con:testStep>
      <con:testStep type="request" name="CheckUkranian" id="3e4ff2c7-cebb-42ae-8465-870e42e98eaf">
        <con:settings/>
        <con:config xsi:type="con:RequestStep" xmlns:xsi="http://www.w3.org/2001/XMLSchema-instance">
          <con:interface>SpellServiceSoap</con:interface>
          <con:operation>checkText</con:operation>
          <con:request name="CheckUkranian" id="4bad2f50-49fb-4109-a092-7795e7db962c">
            <con:settings>
              <con:setting id="com.eviware.soapui.impl.wsdl.WsdlRequest@request-headers">&lt;xml-fragment/></con:setting>
            </con:settings>
            <con:encoding>UTF-8</con:encoding>
            <con:endpoint>http://speller.yandex.net/services/spellservice</con:endpoint>
            <con:request><![CDATA[<soapenv:Envelope xmlns:soapenv="http://schemas.xmlsoap.org/soap/envelope/" xmlns:spel="http://speller.yandex.net/services/spellservice">
   <soapenv:Header/>
   <soapenv:Body>
      <spel:CheckTextRequest lang="uk" options="0" format="">
         <spel:text>Русский язык</spel:text>
      </spel:CheckTextRequest>
   </soapenv:Body>
</soapenv:Envelope>]]></con:request>
            <con:assertion type="SOAP Response" id="f8deb57d-ba70-420a-8b6d-389145bcc613"/>
            <con:assertion type="Schema Compliance" id="7402c4a4-35b2-4ba0-8b4a-f6ee3ddcae2b">
              <con:configuration/>
            </con:assertion>
            <con:assertion type="SOAP Fault Assertion" id="5f0279c9-6d2a-413b-a9f0-284c9611e78b"/>
            <con:assertion type="Simple Contains" id="963b3b3b-055c-4661-9a03-ed282270c3d5" name="Contains">
              <con:configuration>
                <token>${#TestSuite#error}</token>
                <ignoreCase>false</ignoreCase>
                <useRegEx>false</useRegEx>
              </con:configuration>
            </con:assertion>
            <con:credentials>
              <con:authType>No Authorization</con:authType>
            </con:credentials>
            <con:jmsConfig JMSDeliveryMode="PERSISTENT"/>
            <con:jmsPropertyConfig/>
            <con:wsaConfig mustUnderstand="NONE" version="200508"/>
            <con:wsrmConfig version="1.2"/>
          </con:request>
        </con:config>
      </con:testStep>
      <con:testStep type="properties" name="Properties: set language to English and text to mix of Ukranian, English, and Russian" id="fc3fe1b3-5f5c-4034-9ba3-85beed98ed45">
        <con:settings/>
        <con:config xsi:type="con:PropertiesStep" saveFirst="true" xmlns:xsi="http://www.w3.org/2001/XMLSchema-instance">
          <con:properties>
            <con:property>
              <con:name>text</con:name>
              <con:value>Русский язык and українська мова</con:value>
            </con:property>
            <con:property>
              <con:name>language</con:name>
              <con:value>en</con:value>
            </con:property>
          </con:properties>
        </con:config>
      </con:testStep>
      <con:testStep type="transfer" name="Transfer new language and text to the next step" id="a270270d-d6ac-44fc-9083-3fae0ae02cc5">
        <con:settings/>
        <con:config xsi:type="con:PropertyTransfersStep" xmlns:xsi="http://www.w3.org/2001/XMLSchema-instance">
          <con:transfers setNullOnMissingSource="true" transferTextContent="true" failOnError="true" ignoreEmpty="false" transferToAll="false" entitize="false" transferChildNodes="false">
            <con:name>text</con:name>
            <con:sourceType>text</con:sourceType>
            <con:sourceStep>Properties: set language to English and text to mix of Ukranian, English, and Russian</con:sourceStep>
            <con:targetType>Request</con:targetType>
            <con:targetStep>CheckEnglish</con:targetStep>
            <con:targetPath>//*:text</con:targetPath>
            <con:upgraded>true</con:upgraded>
          </con:transfers>
          <con:transfers setNullOnMissingSource="true" transferTextContent="true" failOnError="true" ignoreEmpty="false" transferToAll="false" entitize="false" transferChildNodes="false">
            <con:name>language</con:name>
            <con:sourceType>language</con:sourceType>
            <con:sourceStep>Properties: set language to English and text to mix of Ukranian, English, and Russian</con:sourceStep>
            <con:targetType>Request</con:targetType>
            <con:targetStep>CheckEnglish</con:targetStep>
            <con:targetPath>//@lang[1]</con:targetPath>
            <con:upgraded>true</con:upgraded>
          </con:transfers>
        </con:config>
      </con:testStep>
      <con:testStep type="request" name="CheckEnglish" id="bd5fe15b-ff48-43ea-9047-45ceaeda5297">
        <con:settings/>
        <con:config xsi:type="con:RequestStep" xmlns:xsi="http://www.w3.org/2001/XMLSchema-instance">
          <con:interface>SpellServiceSoap</con:interface>
          <con:operation>checkText</con:operation>
          <con:request name="CheckEnglish" id="4bad2f50-49fb-4109-a092-7795e7db962c">
            <con:settings>
              <con:setting id="com.eviware.soapui.impl.wsdl.WsdlRequest@request-headers">&lt;xml-fragment/></con:setting>
            </con:settings>
            <con:encoding>UTF-8</con:encoding>
            <con:endpoint>http://speller.yandex.net/services/spellservice</con:endpoint>
            <con:request><![CDATA[<soapenv:Envelope xmlns:soapenv="http://schemas.xmlsoap.org/soap/envelope/" xmlns:spel="http://speller.yandex.net/services/spellservice">
   <soapenv:Header/>
   <soapenv:Body>
      <spel:CheckTextRequest lang="en" options="0" format="">
         <spel:text>Русский язык and українська мова</spel:text>
      </spel:CheckTextRequest>
   </soapenv:Body>
</soapenv:Envelope>]]></con:request>
            <con:assertion type="SOAP Response" id="f8deb57d-ba70-420a-8b6d-389145bcc613"/>
            <con:assertion type="Schema Compliance" id="7402c4a4-35b2-4ba0-8b4a-f6ee3ddcae2b">
              <con:configuration/>
            </con:assertion>
            <con:assertion type="SOAP Fault Assertion" id="5f0279c9-6d2a-413b-a9f0-284c9611e78b"/>
            <con:assertion type="Simple NotContains" id="e6a8643c-c611-45c1-81a6-c8d17be12e14" name="Not Contains">
              <con:configuration>
                <token>${#TestSuite#error}</token>
                <ignoreCase>false</ignoreCase>
                <useRegEx>false</useRegEx>
              </con:configuration>
            </con:assertion>
            <con:credentials>
              <con:authType>No Authorization</con:authType>
            </con:credentials>
            <con:jmsConfig JMSDeliveryMode="PERSISTENT"/>
            <con:jmsPropertyConfig/>
            <con:wsaConfig mustUnderstand="NONE" version="200508"/>
            <con:wsrmConfig version="1.2"/>
          </con:request>
        </con:config>
      </con:testStep>
      <con:setupScript>String language="ru"

// Assign values to the Properties 
testRunner.testCase.testSuite.project.setPropertyValue("lang",language)</con:setupScript>
      <con:tearDownScript>String language=""

// Assign values to the Properties 
testRunner.testCase.testSuite.project.setPropertyValue("lang",language)</con:tearDownScript>
      <con:properties>
        <con:property>
          <con:name>language</con:name>
          <con:value>ru</con:value>
        </con:property>
        <con:property>
          <con:name>text</con:name>
          <con:value>Українська мова</con:value>
        </con:property>
      </con:properties>
    </con:testCase>
    <con:testCase id="8b118c65-8897-4a47-933c-e1aed93aa4da" failOnError="true" failTestCaseOnErrors="true" keepSession="false" maxResults="0" name="CheckSuggestionsAreCorrect" searchProperties="true">
      <con:settings/>
      <con:testStep type="transfer" name="TransferWordWithErrors" id="3aa93dfb-59f1-42f4-97dc-f28d11cccd28">
        <con:settings/>
        <con:config xsi:type="con:PropertyTransfersStep" xmlns:xsi="http://www.w3.org/2001/XMLSchema-instance">
          <con:transfers setNullOnMissingSource="true" transferTextContent="true" failOnError="true" ignoreEmpty="false" transferToAll="false" entitize="false" transferChildNodes="false">
            <con:name>text</con:name>
            <con:sourceType>text</con:sourceType>
            <con:sourceStep>#TestCase#</con:sourceStep>
            <con:targetType>Request</con:targetType>
            <con:targetStep>PostWordWithErrors</con:targetStep>
            <con:targetPath>//*:text</con:targetPath>
            <con:upgraded>true</con:upgraded>
          </con:transfers>
        </con:config>
      </con:testStep>
      <con:testStep type="request" name="PostWordWithErrors" id="3de3759e-7811-411c-b8c8-90465b64315e">
        <con:settings/>
        <con:config xsi:type="con:RequestStep" xmlns:xsi="http://www.w3.org/2001/XMLSchema-instance">
          <con:interface>SpellServiceSoap</con:interface>
          <con:operation>checkText</con:operation>
          <con:request name="PostWordWithErrors" id="6a5ee7f0-a9af-4b25-b1e6-2befa94491b1">
            <con:settings>
              <con:setting id="com.eviware.soapui.impl.wsdl.WsdlRequest@request-headers">&lt;xml-fragment/></con:setting>
            </con:settings>
            <con:encoding>UTF-8</con:encoding>
            <con:endpoint>http://speller.yandex.net/services/spellservice</con:endpoint>
            <con:request><![CDATA[<soapenv:Envelope xmlns:soapenv="http://schemas.xmlsoap.org/soap/envelope/" xmlns:spel="http://speller.yandex.net/services/spellservice">
   <soapenv:Header/>
   <soapenv:Body>
      <spel:CheckTextRequest lang="" options="0" format="">
         <spel:text>Ашибко</spel:text>
      </spel:CheckTextRequest>
   </soapenv:Body>
</soapenv:Envelope>]]></con:request>
            <con:assertion type="SOAP Response" id="44f0c751-c80b-4fd1-931c-60be18524608"/>
            <con:assertion type="Schema Compliance" id="5bf57432-5dcd-4dd4-bc72-f3cc36e78c13">
              <con:configuration/>
            </con:assertion>
            <con:assertion type="SOAP Fault Assertion" id="6f224201-8950-4903-9286-8d1099a74ca6"/>
            <con:assertion type="XPath Match" id="2bf34aa8-46d7-4853-8c4f-a57aeb84547d" name="XPath Match">
              <con:configuration>
                <path>//*:s</path>
                <content>${#TestCase#suggestion}</content>
                <allowWildcards>false</allowWildcards>
                <ignoreNamspaceDifferences>false</ignoreNamspaceDifferences>
                <ignoreComments>false</ignoreComments>
              </con:configuration>
            </con:assertion>
            <con:credentials>
              <con:authType>No Authorization</con:authType>
            </con:credentials>
            <con:jmsConfig JMSDeliveryMode="PERSISTENT"/>
            <con:jmsPropertyConfig/>
            <con:wsaConfig mustUnderstand="NONE" version="200508"/>
            <con:wsrmConfig version="1.2"/>
          </con:request>
        </con:config>
      </con:testStep>
      <con:setupScript>String text = "Ашибко"

testRunner.testCase.setPropertyValue("text", text)</con:setupScript>
      <con:tearDownScript>String text = ""

testRunner.testCase.setPropertyValue("text", text)</con:tearDownScript>
      <con:properties>
        <con:property>
          <con:name>text</con:name>
          <con:value/>
        </con:property>
        <con:property>
          <con:name>suggestion</con:name>
          <con:value>Ошибка</con:value>
        </con:property>
      </con:properties>
    </con:testCase>
    <con:testCase id="d6c65655-4f98-4dac-bea0-33dbe225f87a" failOnError="true" failTestCaseOnErrors="true" keepSession="false" maxResults="0" name="CheckErrorCodes" searchProperties="true">
      <con:settings/>
      <con:testStep type="groovy" name="TestingWithDataSets" id="31a1b41b-fa27-43dc-90f8-cf45e80f99be">
        <con:settings/>
        <con:config>
          <script>/*
 * Checking three error codes:
 * 1 - ERROR_UNKNOWN_WORD
 * 2 - ERROR_REPEAT_WORD
 * 3 - ERROR_CAPITALIZATION
 */

enum ErrorCodes {
  ERROR_UNKNOWN_WORD(1), ERROR_REPEAT_WORD(2), ERROR_CAPITALIZATION(3)

ErrorCodes(int value) {
  this.errorValue = value
}
  private final int errorValue
  int getErrorValue() {
  errorValue
}
  public String toString() {
  return errorValue
}
}

String FIND_REPEAT_WORDS = "8"
String DEFAULT = "0"

// creating datasets
List &lt; String > listOfPhrases = new ArrayList &lt; String > ()
listOfPhrases.add("notword")
listOfPhrases.add("hello hello world!")
listOfPhrases.add("incOrRect CapiTaLiZATion")

for (i = 0; i &lt; 3; i++) {
  testRunner.testCase.setPropertyValue("text", listOfPhrases[i])
  testRunner.testCase.setPropertyValue("expected", ErrorCodes.values()[i].toString())

  // to test repeating words the options property should be adjusted
  if (listOfPhrases[i] == "hello hello world!") {
    testRunner.testCase.testSuite.project.setPropertyValue("options", FIND_REPEAT_WORDS)
  }
  // the last dataset is tested outside of this script
  if (i != listOfPhrases.size() - 1) {
    testRunner.runTestStepByName('Property Transfer')
    testRunner.runTestStepByName('PostTextWithError')
    testRunner.runTestStepByName('TearDown')
  }
}</script>
        </con:config>
      </con:testStep>
      <con:testStep type="transfer" name="Property Transfer" id="b7dcd245-1229-4dea-97b5-e38eb776dff2">
        <con:settings/>
        <con:config xsi:type="con:PropertyTransfersStep" xmlns:xsi="http://www.w3.org/2001/XMLSchema-instance">
          <con:transfers setNullOnMissingSource="true" transferTextContent="true" failOnError="true" disabled="false" entitize="false" ignoreEmpty="false" transferChildNodes="false" transferToAll="false" useXQuery="false">
            <con:name>options</con:name>
            <con:sourceType>options</con:sourceType>
            <con:sourceStep>#Project#</con:sourceStep>
            <con:sourcePath/>
            <con:targetType>Request</con:targetType>
            <con:targetStep>PostTextWithError</con:targetStep>
            <con:targetPath>//@options[1]</con:targetPath>
            <con:type>XPATH</con:type>
            <con:targetTransferType>XPATH</con:targetTransferType>
            <con:upgraded>true</con:upgraded>
          </con:transfers>
          <con:transfers setNullOnMissingSource="true" transferTextContent="true" failOnError="true" ignoreEmpty="false" transferToAll="false" entitize="false" transferChildNodes="false">
            <con:name>text</con:name>
            <con:sourceType>text</con:sourceType>
            <con:sourceStep>#TestCase#</con:sourceStep>
            <con:targetType>Request</con:targetType>
            <con:targetStep>PostTextWithError</con:targetStep>
            <con:targetPath>//*:text</con:targetPath>
            <con:upgraded>true</con:upgraded>
          </con:transfers>
        </con:config>
      </con:testStep>
      <con:testStep type="request" name="PostTextWithError" id="34b5177d-cb63-4049-adce-b137f378aab3">
        <con:settings/>
        <con:config xsi:type="con:RequestStep" xmlns:xsi="http://www.w3.org/2001/XMLSchema-instance">
          <con:interface>SpellServiceSoap</con:interface>
          <con:operation>checkText</con:operation>
          <con:request name="PostTextWithError" id="a803e0ca-db05-4bc5-8bc3-a69fe5f29b01">
            <con:settings>
              <con:setting id="com.eviware.soapui.impl.wsdl.WsdlRequest@request-headers">&lt;xml-fragment/></con:setting>
            </con:settings>
            <con:encoding>UTF-8</con:encoding>
            <con:endpoint>http://speller.yandex.net/services/spellservice</con:endpoint>
            <con:request><![CDATA[<soapenv:Envelope xmlns:soapenv="http://schemas.xmlsoap.org/soap/envelope/" xmlns:spel="http://speller.yandex.net/services/spellservice">
   <soapenv:Header/>
   <soapenv:Body>
      <spel:CheckTextRequest lang="" options="0" format="">
         <spel:text/>
      </spel:CheckTextRequest>
   </soapenv:Body>
</soapenv:Envelope>]]></con:request>
            <con:assertion type="SOAP Response" id="82dee26a-343e-477d-89e3-f951a85fa3d8"/>
            <con:assertion type="Schema Compliance" id="2f3b7ae0-7860-4903-bb73-8a3ecf7da728">
              <con:configuration/>
            </con:assertion>
            <con:assertion type="SOAP Fault Assertion" id="2a2049c4-e125-4187-a35c-ef0e8ee01245"/>
            <con:assertion type="XPath Match" id="4f563f13-a578-44ca-8a4d-6aff9d079313" name="XPath Match">
              <con:configuration>
                <path>//*:error /@code</path>
                <content>${#TestCase#expected}</content>
                <allowWildcards>false</allowWildcards>
                <ignoreNamspaceDifferences>false</ignoreNamspaceDifferences>
                <ignoreComments>false</ignoreComments>
              </con:configuration>
            </con:assertion>
            <con:credentials>
              <con:authType>No Authorization</con:authType>
            </con:credentials>
            <con:jmsConfig JMSDeliveryMode="PERSISTENT"/>
            <con:jmsPropertyConfig/>
            <con:wsaConfig mustUnderstand="NONE" version="200508"/>
            <con:wsrmConfig version="1.2"/>
          </con:request>
        </con:config>
      </con:testStep>
      <con:testStep type="groovy" name="TearDown" id="76aaa4c7-1197-4a14-a7be-5cb842cb3392">
        <con:settings/>
        <con:config>
          <script>String options="0"
String text=""
String expected=""

// Assign values to the Properties 
testRunner.testCase.testSuite.project.setPropertyValue("options",options)
testRunner.testCase.setPropertyValue("text",text)
testRunner.testCase.setPropertyValue("expected",expected)
testRunner.runTestStepByName('Property Transfer')</script>
        </con:config>
      </con:testStep>
      <con:setupScript>String options="0"
String text=""
String expected=""

// Assign values to the Properties 
testRunner.testCase.testSuite.project.setPropertyValue("options",options)
testRunner.testCase.setPropertyValue("text",text)
testRunner.testCase.setPropertyValue("expected",expected)
testRunner.runTestStepByName('Property Transfer')</con:setupScript>
      <con:tearDownScript/>
      <con:properties>
        <con:property>
          <con:name>text</con:name>
          <con:value/>
        </con:property>
        <con:property>
          <con:name>expected</con:name>
          <con:value/>
        </con:property>
      </con:properties>
    </con:testCase>
    <con:testCase id="970971de-0e9d-406a-b272-b637bbaeff57" failOnError="true" failTestCaseOnErrors="true" keepSession="false" maxResults="0" name="CheckIgnoresInvalidText" searchProperties="true">
      <con:settings/>
      <con:testStep type="transfer" name="Copy of TransferWordWithErrors" id="aefeffb6-04f5-49b0-884e-0c54386c78b7">
        <con:settings/>
        <con:config xsi:type="con:PropertyTransfersStep" xmlns:xsi="http://www.w3.org/2001/XMLSchema-instance">
          <con:transfers setNullOnMissingSource="true" transferTextContent="true" failOnError="true" ignoreEmpty="false" transferToAll="false" entitize="false" transferChildNodes="false">
            <con:name>text</con:name>
            <con:sourceType>text</con:sourceType>
            <con:sourceStep>#TestCase#</con:sourceStep>
            <con:targetType>Request</con:targetType>
            <con:targetStep>PostTextWithUnsupportedEncoding</con:targetStep>
            <con:targetPath>//*:text</con:targetPath>
            <con:upgraded>true</con:upgraded>
          </con:transfers>
        </con:config>
      </con:testStep>
      <con:testStep type="request" name="PostTextWithUnsupportedEncoding" id="270b4fbf-9a3a-473c-943a-4cd3bcaf6a26">
        <con:settings/>
        <con:config xsi:type="con:RequestStep" xmlns:xsi="http://www.w3.org/2001/XMLSchema-instance">
          <con:interface>SpellServiceSoap</con:interface>
          <con:operation>checkText</con:operation>
          <con:request name="PostTextWithUnsupportedEncoding" id="f2f31dd6-2a65-432c-9e9d-6ba30768fde7">
            <con:settings>
              <con:setting id="com.eviware.soapui.impl.wsdl.WsdlRequest@request-headers">&lt;xml-fragment/></con:setting>
            </con:settings>
            <con:encoding>UTF-8</con:encoding>
            <con:endpoint>http://speller.yandex.net/services/spellservice</con:endpoint>
            <con:request><![CDATA[<soapenv:Envelope xmlns:soapenv="http://schemas.xmlsoap.org/soap/envelope/" xmlns:spel="http://speller.yandex.net/services/spellservice">
   <soapenv:Header/>
   <soapenv:Body>
      <spel:CheckTextRequest lang="" options="0" format="">
         <spel:text>中國哲學書電子化計劃</spel:text>
      </spel:CheckTextRequest>
   </soapenv:Body>
</soapenv:Envelope>]]></con:request>
            <con:assertion type="SOAP Response" id="55182466-7e5a-4550-8b5b-0ad20bcd5945"/>
            <con:assertion type="Schema Compliance" id="6a2f0999-7f76-490b-a70f-208ea124382b">
              <con:configuration/>
            </con:assertion>
            <con:assertion type="SOAP Fault Assertion" id="cc8eb555-23e3-45cd-be75-58ff413a8635"/>
            <con:assertion type="Simple NotContains" id="060e2b0d-65f1-4def-b9b0-fad2feb10ef3" name="Not Contains">
              <con:configuration>
                <token>${#TestSuite#error}</token>
                <ignoreCase>false</ignoreCase>
                <useRegEx>false</useRegEx>
              </con:configuration>
            </con:assertion>
            <con:credentials>
              <con:authType>No Authorization</con:authType>
            </con:credentials>
            <con:jmsConfig JMSDeliveryMode="PERSISTENT"/>
            <con:jmsPropertyConfig/>
            <con:wsaConfig mustUnderstand="NONE" version="200508"/>
            <con:wsrmConfig version="1.2"/>
          </con:request>
        </con:config>
      </con:testStep>
      <con:setupScript>String text = "中國哲學書電子化計劃"

testRunner.testCase.setPropertyValue("text", text)</con:setupScript>
      <con:tearDownScript>String text = ""

testRunner.testCase.setPropertyValue("text", text)</con:tearDownScript>
      <con:properties>
        <con:property>
          <con:name>text</con:name>
          <con:value/>
        </con:property>
      </con:properties>
    </con:testCase>
    <con:properties>
      <con:property>
        <con:name>error</con:name>
        <con:value>error</con:value>
      </con:property>
    </con:properties>
    <con:setupScript/>
  </con:testSuite>
  <con:properties>
    <con:property>
      <con:name>soapenv</con:name>
      <con:value>http://schemas.xmlsoap.org/soap/envelope/</con:value>
    </con:property>
    <con:property>
      <con:name>spel</con:name>
      <con:value>http://speller.yandex.net/services/spellservice</con:value>
    </con:property>
    <con:property>
      <con:name>lang</con:name>
      <con:value/>
    </con:property>
    <con:property>
      <con:name>options</con:name>
      <con:value>0</con:value>
    </con:property>
  </con:properties>
  <con:wssContainer/>
  <con:oAuth2ProfileContainer/>
  <con:oAuth1ProfileContainer/>
  <con:sensitiveInformation/>
</con:soapui-project>